id,first_name,last_name,phone,address,city,postalcode,country
103,Carine ,Schmitt,40.32.2555,"54, rue Royale",Nantes,44000,France
112,Jean,King,7025551838,8489 Strong St.,Las Vegas,83030,USA
114,Peter,Ferguson,03 9520 4555,636 St Kilda Road,Melbourne,3004,Australia
119,Janine ,Labrune,40.67.8555,"67, rue des Cinquante Otages",Nantes,44000,France
121,Jonas ,Bergulfsen,07-98 9555,Erling Skakkes gate 78,Stavern,4110,Norway
124,Susan,Nelson,4155551450,5677 Strong St.,San Rafael,97562,USA
125,Zbyszek ,Piestrzeniewicz,(26) 642-7555,ul. Filtrowa 68,Warszawa,01-012,Poland
128,Roland,Keitel,+49 69 66 90 2555,Lyonerstr. 34,Frankfurt,60528,Germany
129,Julie,Murphy,6505555787,5557 North Pendale Street,San Francisco,94217,USA
131,Kwai,Lee,2125557818,897 Long Airport Avenue,NYC,10022,USA
141,Diego ,Freyre,(91) 555 94 44,"C/ Moralzarzal, 86",Madrid,28034,Spain
144,Christina ,Berglund,0921-12 3555,Berguvsvägen  8,Luleå,S-958 22,Sweden
145,Jytte ,Petersen,31 12 3555,Vinbæltet 34,Kobenhavn,1734,Denmark
146,Mary ,Saveley,78.32.5555,"2, rue du Commerce",Lyon,69004,France
148,Eric,Natividad,+65 221 7555,Bronz Sok.,Singapore,079903,Singapore
151,Jeff,Young,2125557413,4092 Furth Circle,NYC,10022,USA
157,Kelvin,Leong,2155551555,7586 Pompton St.,Allentown,70267,USA
161,Juri,Hashimoto,6505556809,9408 Furth Circle,Burlingame,94217,USA
166,Wendy,Victorino,+65 224 1555,106 Linden Road Sandown,Singapore,069045,Singapore
167,Veysel,Oeztan,+47 2267 3215,Brehmen St. 121,Bergen,N 5804,Norway
168,Keith,Franco,2035557845,149 Spinnaker Dr.,New Haven,97823,USA
169,Isabel ,de Castro,(1) 356-5555,Estrada da saúde n. 58,Lisboa,1756,Portugal
171,Martine ,Rancé,20.16.1555,"184, chaussée de Tournai",Lille,59000,France
172,Marie,Bertrand,(1) 42.34.2555,"265, boulevard Charonne",Paris,75012,France
173,Jerry,Tseng,6175555555,4658 Baden Av.,Cambridge,51247,USA
175,Julie,King,2035552570,25593 South Bay Ln.,Bridgewater,97562,USA
177,Mory,Kentary,+81 06 6342 5555,1-6-20 Dojima,Kita-ku, 530-0003,Japan
181,Michael,Frick,2125551500,2678 Kingston Rd.,NYC,10022,USA
186,Matti,Karttunen,90-224 8555,Keskuskatu 45,Helsinki,21240,Finland
187,Rachel,Ashworth,(171) 555-1555,Fauntleroy Circus,Manchester,EC2 5NT,UK
189,Dean,Cassidy,+353 1862 1555,25 Maiden Lane,Dublin,2,Ireland
198,Leslie,Taylor,6175558428,16780 Pompton St.,Brickhaven,58339,USA
201,Elizabeth,Devon,(171) 555-2282,"12, Berkeley Gardens Blvd",Liverpool,WX1 6LT,UK
202,Yoshi ,Tamuri,(604) 555-3392,1900 Oak St.,Vancouver,V3F 2K1,Canada
204,Miguel,Barajas,6175557555,7635 Spinnaker Dr.,Brickhaven,58339,USA
205,Julie,Young,6265557265,78934 Hillside Dr.,Pasadena,90003,USA
206,Brydey,Walker,+612 9411 1555,Suntec Tower Three,Singapore,038988,Singapore
209,Frédérique ,Citeaux,88.60.1555,"24, place Kléber",Strasbourg,67000,France
211,Mike,Gao,+852 2251 1555,Bank of China Tower,Central Hong Kong,,Hong Kong
216,Eduardo ,Saavedra,(93) 203 4555,"Rambla de Cataluña, 23",Barcelona,08022,Spain
219,Mary,Young,3105552373,4097 Douglas Av.,Glendale,92561,USA
223,Horst ,Kloss,0372-555188,Taucherstraße 10,Cunewalde,01307,Germany
227,Palle,Ibsen,86 21 3555,Smagsloget 45,Århus,8200,Denmark
233,Jean ,Fresnière,(514) 555-8054,43 rue St. Laurent,Montréal,H1J 1C3,Canada
237,Alejandra ,Camino,(91) 745 6555,"Gran Vía, 1",Madrid,28001,Spain
239,Valarie,Thompson,7605558146,361 Furth Circle,San Diego,91217,USA
240,Helen ,Bennett,(198) 555-8888,Garden House,Cowes,PO31 7PJ,UK
242,Annette ,Roulet,61.77.6555,1 rue Alsace-Lorraine,Toulouse,31000,France
247,Renate ,Messner,069-0555984,Magazinweg 7,Frankfurt,60528,Germany
249,Paolo ,Accorti,011-4988555,Via Monte Bianco 34,Torino,10100,Italy
250,Daniel,Da Silva,+33 1 46 62 7555,27 rue du Colonel Pierre Avia,Paris,75508,France
256,Daniel ,Tonini,30.59.8555,"67, avenue de lEurope",Versailles,78000,France
259,Henriette ,Pfalzheim,0221-5554327,Mehrheimerstr. 369,Köln,50739,Germany
260,Elizabeth ,Lincoln,(604) 555-4555,23 Tsawassen Blvd.,Tsawassen,T2F 8M4,Canada
273,Peter ,Franken,089-0877555,Berliner Platz 43,München,80805,Germany
276,Anna,O`Hara,02 9936 8555,201 Miller Street,North Sydney,2060,Australia
278,Giovanni ,Rovelli,035-640555,Via Ludovico il Moro 22,Bergamo,24100,Italy
282,Adrian,Huxley,+61 2 9495 8555,Monitor Money Building,Chatswood,2067,Australia
286,Marta,Hernandez,6175558555,39323 Spinnaker Dr.,Cambridge,51247,USA
293,Ed,Harrison,+41 26 425 50 01,Rte des Arsenaux 41 ,Fribourg,1700,Switzerland
298,Mihael,Holz,0897-034555,Grenzacherweg 237,Genève,1203,Switzerland
299,Jan,Klaeboe,+47 2212 1555,Drammensveien 126A,Oslo,N 0106,Norway
303,Bradley,Schuyler,+31 20 491 9555,Kingsfordweg 151,Amsterdam,1043 GR,Netherlands
307,Mel,Andersen,030-0074555,Obere Str. 57,Berlin,12209,Germany
311,Pirkko,Koskitalo,981-443655,Torikatu 38,Oulu,90110,Finland
314,Catherine ,Dewey,(02) 5554 67,Rue Joseph-Bens 532,Bruxelles,B-1180,Belgium
319,Steve,Frick,9145554562,3758 North Pendale Street,White Plains,24067,USA
320,Wing,Huang,5085559555,4575 Hillside Dr.,New Bedford,50553,USA
321,Julie,Brown,6505551386,7734 Strong St.,San Francisco,94217,USA
323,Mike,Graham,+64 9 312 5555,162-164 Grafton Road,Auckland  ,,New Zealand
324,Ann ,Brown,(171) 555-0297,35 King George,London,WX3 6FW,UK
328,William,Brown,2015559350,7476 Moss Rd.,Newark,94019,USA
333,Ben,Calaghan,61-7-3844-6555,31 Duncan St. West End,South Brisbane,4101,Australia
334,Kalle,Suominen,+358 9 8045 555,Software Engineering Center,Espoo,FIN-02271,Finland
335,Philip ,Cramer,0555-09555,Maubelstr. 90,Brandenburg,14776,Germany
339,Francisca,Cervantes,2155554695,782 First Street,Philadelphia,71270,USA
344,Jesus,Fernandez,+34 913 728 555,Merchants House,Madrid,28023,Spain
347,Brian,Chandler,2155554369,6047 Douglas Av.,Los Angeles,91003,USA
348,Patricia ,McKenna,2967 555,8 Johnstown Road,Cork,,Ireland
350,Laurence ,Lebihan,91.24.4555,"12, rue des Bouchers",Marseille,13008,France
353,Paul ,Henriot,26.47.1555,59 rue de lAbbaye,Reims,51100,France
356,Armand,Kuger,+27 21 550 3555,1250 Pretorius Street,Hatfield,0028,South Africa
357,Wales,MacKinlay,64-9-3763555,199 Great North Road,Auckland,,New Zealand
361,Karin,Josephs,0251-555259,Luisenstr. 48,Münster,44087,Germany
362,Juri,Yoshido,6175559555,8616 Spinnaker Dr.,Boston,51003,USA
363,Dorothy,Young,6035558647,2304 Long Airport Avenue,Nashua,62005,USA
369,Lino ,Rodriguez,(1) 354-2555,Jardim das rosas n. 32,Lisboa,1675,Portugal
376,Braun,Urs,0452-076555,Hauptstr. 29,Bern,3012,Switzerland
379,Allen,Nelson,6175558555,7825 Douglas Av.,Brickhaven,58339,USA
381,Pascale ,Cartrain,(071) 23 67 2555,"Boulevard Tirou, 255",Charleroi,B-6000,Belgium
382,Georg ,Pipps,6562-9555,Geislweg 14,Salzburg,5020,Austria
385,Arnold,Cruz,+63 2 555 3587,15 McCallum Street,Makati City,1227 MM,Philippines
386,Maurizio ,Moroni,0522-556555,Strada Provinciale 124,Reggio Emilia,42100,Italy
398,Akiko,Shimamura,+81 3 3584 0555,2-2-8 Roppongi,Minato-ku,106-0032,Japan
406,Dominique,Perrier,(1) 47.55.6555,"25, rue Lauriston",Paris,75016,France
409,Rita ,Müller,0711-555361,Adenauerallee 900,Stuttgart,70563,Germany
412,Sarah,McRoy,04 499 9555,101 Lambton Quay,Wellington,,New Zealand
415,Michael,Donnermeyer, +49 89 61 08 9555,Hansastr. 15,Munich,80686,Germany
424,Maria,Hernandez,2125558493,5905 Pompton St.,NYC,10022,USA
443,Alexander ,Feuer,0342-555176,Heerstr. 22,Leipzig,04179,Germany
447,Dan,Lewis,2035554407,2440 Pompton St.,Glendale,97561,USA
448,Martha,Larsson,0695-34 6555,Åkergatan 24,Bräcke,S-844 67,Sweden
450,Sue,Frick,4085553659,3086 Ingle Ln.,San Jose,94217,USA
452,Roland ,Mendel,7675-3555,Kirchgasse 6,Graz,8010,Austria
455,Leslie,Murphy,2035559545,567 North Pendale Street,New Haven,97823,USA
456,Yu,Choi,2125551957,5290 North Pendale Street,NYC,10022,USA
458,Martín ,Sommer,(91) 555 22 82,"C/ Araquil, 67",Madrid,28023,Spain
459,Sven ,Ottlieb,0241-039123,Walserweg 21,Aachen,52066,Germany
462,Violeta,Benitez,5085552555,1785 First Street,New Bedford,50553,USA
465,Carmen,Anton,+34 913 728555,"c/ Gobelas, 19-1 Urb. La Florida",Madrid,28023,Spain
471,Sean,Clenahan,61-9-3844-6555,7 Allen Street,Glen Waverly,3150,Australia
473,Franco,Ricotti,+39 022515555,20093 Cologno Monzese,Milan,,Italy
475,Steve,Thompson,3105553722,3675 Furth Circle,Burbank,94019,USA
477,Hanna ,Moos,0621-08555,Forsterstr. 57,Mannheim,68306,Germany
480,Alexander ,Semenov,+7 812 293 0521,2 Pobedy Square,Saint Petersburg,196143,Russia
481,Raanan,"Altagar,G M",+ 972 9 959 8555,3 Hagalim Blv.,Herzlia,47625,Israel
484,José Pedro ,Roel,(95) 555 82 82,"C/ Romero, 33",Sevilla,41101,Spain
486,Rosa,Salazar,2155559857,11328 Douglas Av.,Philadelphia,71270,USA
487,Sue,Taylor,4155554312,2793 Furth Circle,Brisbane,94217,USA
489,Thomas ,Smith,(171) 555-7555,120 Hanover Sq.,London,WA1 1DP,UK
495,Valarie,Franco,6175552555,6251 Ingle Ln.,Boston,51003,USA
496,Tony,Snowden,+64 9 5555500,Arenales 1938 3A,Auckland  ,,New Zealand
